"ChEMBL ID";"Name";"Synonyms";"Type";"Max Phase";"Molecular Weight";"Targets";"Bioactivities";"AlogP";"Polar Surface Area";"HBA";"HBD";"#RO5 Violations";"#Rotatable Bonds";"Passes Ro3";"QED Weighted";"CX Acidic pKa";"CX Basic pKa";"CX LogP";"CX LogD";"Aromatic Rings";"Structure Type";"Inorganic Flag";"Heavy Atoms";"HBA (Lipinski)";"HBD (Lipinski)";"#RO5 Violations (Lipinski)";"Molecular Weight (Monoisotopic)";"Np Likeness Score";"Molecular Species";"Molecular Formula";"Smiles";"Inchi Key"
"CHEMBL4758387";"";"";"Unknown";"";"433.51";"3";"7";"3.38";"110.11";"9";"2";"0";"7";"N";"0.43";"9.01";"4.61";"3.40";"3.38";"3";"MOL";"-1";"29";"8";"2";"0";"433.0766";"-1.47";"NEUTRAL";"C19H19N3O5S2";"COc1cc(/C=N/Nc2nc(-c3ccc(S(C)(=O)=O)cc3)cs2)cc(OC)c1O";"YXDZLKZATHLEFT-KEBDBYFISA-N"
"CHEMBL4754406";"";"";"Unknown";"";"373.46";"3";"13";"3.37";"91.65";"7";"2";"0";"5";"N";"0.53";"9.18";"4.69";"3.71";"3.70";"3";"MOL";"-1";"25";"6";"2";"0";"373.0555";"-1.80";"NEUTRAL";"C17H15N3O3S2";"CS(=O)(=O)c1ccc(-c2csc(N/N=C/c3cccc(O)c3)n2)cc1";"BJNKRYAVNXGRPH-VCHYOVAHSA-N"
"CHEMBL4790676";"";"";"Unknown";"";"417.51";"3";"12";"3.68";"89.88";"8";"1";"0";"7";"N";"0.47";"11.07";"4.25";"3.70";"3.70";"3";"MOL";"-1";"28";"7";"1";"0";"417.0817";"-1.79";"NEUTRAL";"C19H19N3O4S2";"COc1cccc(/C=N/Nc2nc(-c3ccc(S(C)(=O)=O)cc3)cs2)c1OC";"LRNPQDCEBNEWQR-RGVLZGJSSA-N"
"CHEMBL4781090";"";"";"Unknown";"";"447.54";"3";"7";"3.69";"99.11";"9";"1";"0";"8";"N";"0.42";"11.68";"4.67";"3.54";"3.54";"3";"MOL";"-1";"30";"8";"1";"0";"447.0923";"-1.55";"NEUTRAL";"C20H21N3O5S2";"COc1cc(/C=N/Nc2nc(-c3ccc(S(C)(=O)=O)cc3)cs2)cc(OC)c1OC";"VJVBMTWGYKJGED-SRZZPIQSSA-N"
"CHEMBL4780636";"";"";"Unknown";"";"373.46";"3";"7";"3.37";"91.65";"7";"2";"0";"5";"N";"0.53";"9.11";"4.86";"3.71";"3.69";"3";"MOL";"-1";"25";"6";"2";"0";"373.0555";"-1.79";"NEUTRAL";"C17H15N3O3S2";"CS(=O)(=O)c1ccc(-c2csc(N/N=C/c3ccc(O)cc3)n2)cc1";"DQUUKYATKWSSMT-VCHYOVAHSA-N"
"CHEMBL4761194";"";"";"Unknown";"";"417.51";"3";"12";"3.68";"89.88";"8";"1";"0";"7";"N";"0.47";"11.06";"4.23";"3.70";"3.70";"3";"MOL";"-1";"28";"7";"1";"0";"417.0817";"-1.85";"NEUTRAL";"C19H19N3O4S2";"COc1ccc(OC)c(/C=N/Nc2nc(-c3ccc(S(C)(=O)=O)cc3)cs2)c1";"LRNJNXWJQXEBKI-RGVLZGJSSA-N"
"CHEMBL4763059";"";"";"Unknown";"";"403.49";"3";"12";"3.37";"100.88";"8";"2";"0";"6";"N";"0.48";"9.61";"4.73";"3.56";"3.55";"3";"MOL";"-1";"27";"7";"2";"0";"403.0660";"-1.55";"NEUTRAL";"C18H17N3O4S2";"COc1ccc(/C=N/Nc2nc(-c3ccc(S(C)(=O)=O)cc3)cs2)cc1O";"WFKVQXPBQFZREB-VXLYETTFSA-N"
"CHEMBL1710350";"";"";"Small molecule";"";"279.30";"13";"16";"3.80";"52.33";"4";"0";"0";"3";"N";"0.68";"None";"None";"3.94";"3.94";"3";"MOL";"-1";"21";"4";"0";"0";"279.0895";"-0.61";"NEUTRAL";"C17H13NO3";"COC(=O)c1c(-c2ccccc2)noc1-c1ccccc1";"WDAOZAXXZFWIOD-UHFFFAOYSA-N"
"CHEMBL4747321";"";"";"Unknown";"";"329.31";"6";"15";"0.73";"120.78";"6";"4";"0";"5";"N";"0.36";"9.03";"4.77";"0.43";"0.42";"2";"MOL";"-1";"24";"8";"4";"0";"329.1012";"-0.94";"NEUTRAL";"C16H15N3O5";"O=C(/C=C/c1ccc(O)c(O)c1)NNC(=O)COc1cccnc1";"ZOFDQTHDCXJKRU-GQCTYLIASA-N"
"CHEMBL2380865";"";"";"Small molecule";"";"277.68";"3";"3";"4.70";"39.17";"3";"0";"0";"2";"N";"0.68";"None";"None";"3.74";"3.74";"3";"MOL";"-1";"19";"3";"0";"0";"277.0306";"-1.46";"NEUTRAL";"C14H9ClFNO2";"Cc1onc(-c2ccc(Cl)o2)c1-c1ccccc1F";"BGOVOFKQWOWYIN-UHFFFAOYSA-N"
"CHEMBL1288467";"";"";"Small molecule";"";"278.61";"5";"9";"3.13";"46.53";"2";"1";"0";"1";"N";"0.86";"3.09";"None";"3.23";"-0.23";"1";"MOL";"-1";"18";"3";"1";"0";"277.9958";"0.06";"ACID";"C11H6ClF3O3";"O=C(O)C1=Cc2cc(Cl)ccc2OC1C(F)(F)F";"VEENGDJNDWZTOU-UHFFFAOYSA-N"
"CHEMBL1950020";"";"";"Small molecule";"";"368.82";"3";"5";"3.95";"83.05";"3";"2";"0";"4";"N";"0.68";"3.97";"3.04";"3.77";"1.03";"3";"MOL";"-1";"26";"5";"2";"0";"368.0928";"-0.51";"ACID";"C20H17ClN2O3";"O=C(O)Cc1c(C(=O)c2cc3c(cn2)CCCC3)[nH]c2cc(Cl)ccc12";"CKTUGDQFDNCZCX-UHFFFAOYSA-N"
"CHEMBL1288592";"";"";"Small molecule";"";"347.50";"3";"3";"4.44";"46.53";"2";"1";"0";"1";"N";"0.76";"2.36";"None";"4.44";"0.92";"1";"MOL";"-1";"20";"3";"1";"0";"345.9178";"0.20";"ACID";"C11H4Cl3F3O3";"O=C(O)C1=Cc2c(cc(Cl)c(Cl)c2Cl)OC1C(F)(F)F";"QHJMMUKBGZTMMK-UHFFFAOYSA-N"
"CHEMBL2380871";"";"";"Small molecule";"";"317.73";"3";"13";"4.32";"65.47";"5";"0";"0";"4";"N";"0.67";"None";"None";"2.99";"2.99";"3";"MOL";"-1";"22";"5";"0";"0";"317.0455";"-0.47";"NEUTRAL";"C16H12ClNO4";"CC(=O)OCc1onc(-c2ccc(Cl)o2)c1-c1ccccc1";"QHXHUHXSKMAPFQ-UHFFFAOYSA-N"
"CHEMBL319512";"";"";"Small molecule";"";"441.46";"4";"9";"3.82";"87.21";"6";"1";"0";"3";"N";"0.67";"10.61";"None";"3.61";"3.61";"3";"MOL";"-1";"29";"6";"2";"0";"441.0429";"-1.34";"NEUTRAL";"C18H14F3N3O3S2";"COc1ccc2c(c1)CSc1c(C(F)(F)F)nn(-c3ccc(S(N)(=O)=O)cc3)c1-2";"OFLBRQKZVMODGV-UHFFFAOYSA-N"
"CHEMBL1288590";"";"";"Small molecule";"";"313.06";"3";"3";"3.78";"46.53";"2";"1";"0";"1";"N";"0.86";"2.75";"None";"3.83";"0.34";"1";"MOL";"-1";"19";"3";"1";"0";"311.9568";"0.16";"ACID";"C11H5Cl2F3O3";"O=C(O)C1=Cc2c(Cl)ccc(Cl)c2OC1C(F)(F)F";"UVXFRIHTEHOWRN-UHFFFAOYSA-N"
"CHEMBL2380876";"";"";"Small molecule";"";"304.14";"5";"20";"4.67";"39.17";"3";"0";"0";"2";"N";"0.69";"None";"None";"3.75";"3.75";"3";"MOL";"-1";"18";"3";"0";"0";"302.9895";"-1.29";"NEUTRAL";"C14H10BrNO2";"Cc1onc(-c2ccc(Br)o2)c1-c1ccccc1";"JHMGVWICIJTVHP-UHFFFAOYSA-N"
"CHEMBL3113233";"";"";"Small molecule";"";"365.76";"3";"3";"4.05";"71.09";"4";"2";"0";"4";"N";"0.86";"6.66";"6.40";"3.20";"3.05";"2";"MOL";"-1";"23";"5";"2";"0";"365.0213";"-1.55";"NEUTRAL";"C13H11ClF3N3O2S";"Cc1ccc(Nc2cnccc2NS(=O)(=O)C(F)(F)F)cc1Cl";"WYVGTVJHYRLPIO-UHFFFAOYSA-N"
"CHEMBL1288617";"";"";"Small molecule";"";"347.50";"3";"3";"4.44";"46.53";"2";"1";"0";"1";"N";"0.76";"2.36";"None";"4.44";"0.92";"1";"MOL";"-1";"20";"3";"1";"0";"345.9178";"0.23";"ACID";"C11H4Cl3F3O3";"O=C(O)C1=Cc2cc(Cl)c(Cl)c(Cl)c2OC1C(F)(F)F";"RHPWOEFSQBYIMW-UHFFFAOYSA-N"
"CHEMBL2380866";"";"";"Small molecule";"";"277.68";"3";"3";"4.70";"39.17";"3";"0";"0";"2";"N";"0.68";"None";"None";"3.74";"3.74";"3";"MOL";"-1";"19";"3";"0";"0";"277.0306";"-1.43";"NEUTRAL";"C14H9ClFNO2";"Cc1onc(-c2ccc(Cl)o2)c1-c1ccc(F)cc1";"HKYOEFBHYOKXNK-UHFFFAOYSA-N"
"CHEMBL1950016";"";"";"Small molecule";"";"346.75";"3";"5";"3.52";"83.05";"3";"2";"0";"4";"N";"0.71";"3.88";"2.89";"3.11";"0.23";"3";"MOL";"-1";"24";"5";"2";"0";"346.0520";"-0.97";"ACID";"C17H12ClFN2O3";"Cc1ccnc(C(=O)c2[nH]c3cc(Cl)c(F)cc3c2CC(=O)O)c1";"XXXVGINRZSHYHM-UHFFFAOYSA-N"
"CHEMBL4856182";"";"";"Unknown";"";"437.50";"4";"4";"5.21";"95.16";"9";"0";"1";"6";"N";"0.26";"None";"None";"4.14";"4.14";"5";"MOL";"-1";"30";"7";"0";"1";"437.0504";"-1.68";"NEUTRAL";"C21H15N3O4S2";"Cc1ccc2oc(=O)cc(CSc3nnc(CSc4nc5ccccc5o4)o3)c2c1";"XPJSCWDSZLBBCQ-UHFFFAOYSA-N"
"CHEMBL4856194";"";"";"Unknown";"";"473.54";"4";"4";"6.06";"95.16";"9";"0";"1";"6";"N";"0.16";"None";"None";"4.62";"4.62";"6";"MOL";"-1";"33";"7";"0";"1";"473.0504";"-1.33";"NEUTRAL";"C24H15N3O4S2";"O=c1cc(CSc2nnc(CSc3nc4ccccc4o3)o2)c2c(ccc3ccccc32)o1";"UIFVETNOXIEICY-UHFFFAOYSA-N"
"CHEMBL4858695";"";"";"Unknown";"";"507.98";"4";"4";"6.71";"95.16";"9";"0";"2";"6";"N";"0.14";"None";"None";"5.22";"5.22";"6";"MOL";"-1";"34";"7";"0";"2";"507.0114";"-1.48";"NEUTRAL";"C24H14ClN3O4S2";"O=c1cc(CSc2nnc(CSc3nc4cc(Cl)ccc4o3)o2)c2c(ccc3ccccc32)o1";"LGDLYVZMFKFEDK-UHFFFAOYSA-N"
"CHEMBL3775974";"";"";"Small molecule";"";"493.25";"2";"2";"3.81";"77.98";"4";"1";"0";"3";"N";"0.56";"10.60";"None";"4.42";"4.42";"3";"MOL";"-1";"26";"5";"2";"0";"492.9569";"-1.76";"NEUTRAL";"C16H11F3IN3O2S";"NS(=O)(=O)c1ccc(-n2nc(C(F)(F)F)cc2-c2ccc(I)cc2)cc1";"GRGQLLRCYOLDKO-UHFFFAOYSA-N"
"CHEMBL4871667";"";"";"Unknown";"";"437.50";"4";"4";"5.21";"95.16";"9";"0";"1";"6";"N";"0.26";"None";"None";"4.14";"4.14";"5";"MOL";"-1";"30";"7";"0";"1";"437.0504";"-1.64";"NEUTRAL";"C21H15N3O4S2";"Cc1ccc2c(CSc3nnc(CSc4nc5ccccc5o4)o3)cc(=O)oc2c1";"IDMOBBZIUGUJBS-UHFFFAOYSA-N"
"CHEMBL4169030";"";"";"Small molecule";"";"367.88";"7";"11";"5.51";"31.23";"3";"0";"1";"3";"N";"0.61";"None";"None";"5.13";"5.13";"3";"MOL";"-1";"26";"3";"0";"1";"367.1339";"-0.68";"NEUTRAL";"C22H22ClNO2";"COc1ccc2c(c1)c1c(n2Cc2ccc(Cl)cc2)CC(C)(C)CC1=O";"AJUWJSDGDGYFBT-UHFFFAOYSA-N"
"CHEMBL4855962";"";"";"Unknown";"";"473.54";"4";"4";"6.06";"95.16";"9";"0";"1";"6";"N";"0.16";"None";"None";"4.62";"4.62";"6";"MOL";"-1";"33";"7";"0";"1";"473.0504";"-1.30";"NEUTRAL";"C24H15N3O4S2";"O=c1cc(CSc2nnc(CSc3nc4ccccc4o3)o2)c2ccc3ccccc3c2o1";"MRKHAFZZUSKSGN-UHFFFAOYSA-N"
"CHEMBL1288533";"";"";"Small molecule";"";"313.06";"3";"5";"3.78";"46.53";"2";"1";"0";"1";"N";"0.86";"2.74";"None";"3.83";"0.34";"1";"MOL";"-1";"19";"3";"1";"0";"311.9568";"0.16";"ACID";"C11H5Cl2F3O3";"O=C(O)C1=Cc2c(ccc(Cl)c2Cl)OC1C(F)(F)F";"YBOWAHQKNFIXBD-UHFFFAOYSA-N"
"CHEMBL2380862";"";"";"Small molecule";"";"269.73";"3";"3";"4.97";"26.03";"2";"0";"0";"2";"N";"0.66";"None";"0.38";"4.82";"4.82";"3";"MOL";"-1";"19";"2";"0";"0";"269.0607";"-1.33";"NEUTRAL";"C16H12ClNO";"Cc1onc(-c2cccc(Cl)c2)c1-c1ccccc1";"FQTXOEJFNAEMRI-UHFFFAOYSA-N"
"CHEMBL2380867";"";"";"Small molecule";"";"239.27";"5";"20";"4.22";"39.17";"3";"0";"0";"2";"N";"0.67";"None";"None";"3.48";"3.48";"3";"MOL";"-1";"18";"3";"0";"0";"239.0946";"-1.11";"NEUTRAL";"C15H13NO2";"Cc1ccc(-c2noc(C)c2-c2ccccc2)o1";"SXNVEZCCWFOWDA-UHFFFAOYSA-N"
"CHEMBL4755188";"";"";"Unknown";"";"362.77";"6";"15";"1.99";"107.89";"5";"4";"0";"5";"N";"0.37";"9.03";"None";"2.25";"2.24";"2";"MOL";"-1";"25";"7";"4";"0";"362.0669";"-0.82";"NEUTRAL";"C17H15ClN2O5";"O=C(/C=C/c1ccc(O)c(O)c1)NNC(=O)COc1ccc(Cl)cc1";"GWSYBBGTWLBKIV-KRXBUXKQSA-N"
"CHEMBL95022";"";"";"Small molecule";"";"386.43";"4";"9";"2.80";"101.77";"6";"1";"0";"2";"N";"0.73";"10.61";"None";"2.89";"2.89";"3";"MOL";"-1";"26";"6";"2";"0";"386.0307";"-1.87";"NEUTRAL";"C17H11FN4O2S2";"N#Cc1nn(-c2ccc(S(N)(=O)=O)cc2)c2c1SCc1cc(F)ccc1-2";"YYALXWOCHMHYLS-UHFFFAOYSA-N"
"CHEMBL4846345";"";"";"Unknown";"";"451.53";"4";"4";"5.52";"95.16";"9";"0";"1";"6";"N";"0.24";"None";"None";"4.66";"4.66";"5";"MOL";"-1";"31";"7";"0";"1";"451.0660";"-1.47";"NEUTRAL";"C22H17N3O4S2";"Cc1cc(C)c2c(CSc3nnc(CSc4nc5ccccc5o4)o3)cc(=O)oc2c1";"TVYZIRNTBALPGZ-UHFFFAOYSA-N"
"CHEMBL4869860";"";"";"Unknown";"";"471.95";"4";"4";"5.86";"95.16";"9";"0";"1";"6";"N";"0.22";"None";"None";"4.75";"4.75";"5";"MOL";"-1";"31";"7";"0";"1";"471.0114";"-1.77";"NEUTRAL";"C21H14ClN3O4S2";"Cc1ccc2c(CSc3nnc(CSc4nc5cc(Cl)ccc5o4)o3)cc(=O)oc2c1";"VDVFLAIIXNQFOJ-UHFFFAOYSA-N"
"CHEMBL94935";"";"";"Small molecule";"";"393.39";"4";"9";"3.30";"77.98";"4";"1";"0";"2";"N";"0.73";"10.62";"None";"4.06";"4.06";"3";"MOL";"-1";"27";"5";"2";"0";"393.0759";"-1.37";"NEUTRAL";"C18H14F3N3O2S";"NS(=O)(=O)c1ccc(-n2nc(C(F)(F)F)c3c2-c2ccccc2CC3)cc1";"LTAXFLQWGJQFJX-UHFFFAOYSA-N"
"CHEMBL325755";"";"";"Small molecule";"";"367.35";"7";"16";"3.36";"64.85";"5";"0";"0";"3";"N";"0.71";"None";"4.06";"2.65";"2.65";"3";"MOL";"-1";"25";"5";"0";"0";"367.0602";"-1.59";"NEUTRAL";"C16H12F3N3O2S";"CS(=O)(=O)c1ccc(-n2cc(C(F)(F)F)nc2-c2cccnc2)cc1";"ZJOUYQCSZYKGKU-UHFFFAOYSA-N"
"CHEMBL2380869";"";"";"Small molecule";"";"303.70";"3";"3";"4.04";"65.47";"5";"0";"0";"3";"N";"0.68";"None";"None";"3.32";"3.32";"3";"MOL";"-1";"21";"5";"0";"0";"303.0298";"-0.82";"NEUTRAL";"C15H10ClNO4";"COC(=O)c1onc(-c2ccc(Cl)o2)c1-c1ccccc1";"IDSIKSBJODVQQS-UHFFFAOYSA-N"
"CHEMBL1275942";"";"";"Small molecule";"";"248.32";"4";"6";"2.58";"57.53";"2";"2";"0";"4";"N";"0.86";"4.28";"None";"2.96";"-0.02";"1";"MOL";"-1";"18";"3";"2";"0";"248.1412";"0.92";"ACID";"C15H20O3";"CC(C(=O)O)c1ccc(C[C@H]2CCC[C@@H]2O)cc1";"SHAHPWSYJFYMRX-ADSMYIAOSA-N"
"CHEMBL1950017";"";"";"Small molecule";"";"312.30";"3";"5";"2.87";"83.05";"3";"2";"0";"4";"N";"0.73";"3.98";"2.91";"2.53";"-0.32";"3";"MOL";"-1";"23";"5";"2";"0";"312.0910";"-0.87";"ACID";"C17H13FN2O3";"Cc1ccnc(C(=O)c2[nH]c3ccc(F)cc3c2CC(=O)O)c1";"DNIKRHXQZCTYOD-UHFFFAOYSA-N"
"CHEMBL1275921";"FLUORO LOXOPROFEN";"Fluoro Loxoprofen";"Small molecule";"";"286.28";"6";"11";"2.93";"54.37";"2";"1";"0";"4";"N";"0.91";"3.95";"None";"3.49";"0.30";"1";"MOL";"-1";"19";"3";"1";"0";"264.1162";"0.13";"ACID";"C15H16FNaO3";"CC(C(=O)[O-])c1ccc(CC2CCCC2=O)cc1F.[Na+]";"ISLFLEUBAXYHSW-UHFFFAOYSA-M"
"CHEMBL1814721";"";"";"Small molecule";"";"358.41";"4";"4";"4.76";"54.37";"2";"1";"0";"5";"N";"0.86";"4.49";"None";"5.51";"2.69";"2";"MOL";"-1";"25";"3";"1";"0";"336.1725";"0.41";"ACID";"C22H23NaO3";"Cc1ccc(-c2cc(CC3CCCC3=O)ccc2C(C)C(=O)[O-])cc1.[Na+]";"ILKFKAWHVDZHBB-UHFFFAOYSA-M"
"CHEMBL3113237";"";"";"Small molecule";"";"414.18";"5";"12";"3.99";"71.09";"4";"2";"0";"4";"N";"0.74";"6.66";"6.40";"2.99";"2.85";"2";"MOL";"-1";"23";"5";"2";"0";"412.9457";"-1.54";"NEUTRAL";"C12H8BrF4N3O2S";"O=S(=O)(Nc1ccncc1Nc1ccc(F)c(Br)c1)C(F)(F)F";"YEPGGYKOTCQGAU-UHFFFAOYSA-N"
"CHEMBL3113234";"";"";"Small molecule";"";"410.21";"5";"12";"4.16";"71.09";"4";"2";"0";"4";"N";"0.79";"6.66";"6.40";"3.36";"3.22";"2";"MOL";"-1";"23";"5";"2";"0";"408.9707";"-1.31";"NEUTRAL";"C13H11BrF3N3O2S";"Cc1ccc(Nc2cnccc2NS(=O)(=O)C(F)(F)F)cc1Br";"HDLUQWDWOQUBJE-UHFFFAOYSA-N"
"CHEMBL5190868";"";"";"";"";"416.46";"6";"16";"2.98";"67.15";"6";"0";"0";"4";"N";"0.51";"None";"3.20";"3.46";"3.46";"4";"MOL";"0";"31";"7";"0";"0";"416.1761";"-2.01";"NEUTRAL";"C23H21FN6O";"O=C(c1nn(Cc2ccc(F)cc2)c2ccccc12)N1CCN(c2ncccn2)CC1";"FEYNAFSYLAYPQJ-UHFFFAOYSA-N"
"CHEMBL3264702";"";"";"Small molecule";"";"352.42";"4";"11";"4.10";"65.97";"7";"0";"0";"6";"N";"0.49";"None";"None";"4.03";"4.03";"4";"MOL";"-1";"25";"6";"0";"0";"352.0994";"-2.31";"NEUTRAL";"C18H16N4O2S";"CCOc1ccc(-n2cc(CSc3nc4ccccc4o3)nn2)cc1";"QWWOBXJJZBGRKO-UHFFFAOYSA-N"
"CHEMBL97059";"";"";"Small molecule";"";"447.41";"3";"7";"4.09";"77.98";"5";"1";"0";"2";"N";"0.60";"10.60";"None";"4.06";"4.06";"3";"MOL";"-1";"29";"5";"2";"0";"447.0135";"-1.59";"NEUTRAL";"C17H10F5N3O2S2";"NS(=O)(=O)c1ccc(-n2nc(C(F)(F)F)c3c2-c2cc(F)c(F)cc2CS3)cc1";"IFWCFNSNAXCZCB-UHFFFAOYSA-N"
"CHEMBL4797164";"";"";"Unknown";"";"417.51";"3";"7";"3.68";"89.88";"8";"1";"0";"7";"N";"0.47";"11.30";"4.42";"3.70";"3.70";"3";"MOL";"-1";"28";"7";"1";"0";"417.0817";"-1.80";"NEUTRAL";"C19H19N3O4S2";"COc1ccc(/C=N/Nc2nc(-c3ccc(S(C)(=O)=O)cc3)cs2)c(OC)c1";"WGISCMITNSQCOC-RGVLZGJSSA-N"
"CHEMBL3912571";"";"";"Small molecule";"";"372.47";"4";"8";"2.99";"41.37";"6";"0";"0";"3";"N";"0.71";"None";"4.58";"3.61";"3.61";"3";"MOL";"-1";"26";"5";"0";"0";"372.1420";"-1.71";"NEUTRAL";"C19H21FN4OS";"Cc1cc(C)c2c(=O)n(CN3CCN(c4ccccc4F)CC3)sc2n1";"JEMDPIVDAGWLBO-UHFFFAOYSA-N"
"CHEMBL4867901";"";"";"Unknown";"";"485.97";"4";"4";"6.17";"95.16";"9";"0";"1";"6";"N";"0.21";"None";"None";"5.26";"5.26";"5";"MOL";"-1";"32";"7";"0";"1";"485.0271";"-1.60";"NEUTRAL";"C22H16ClN3O4S2";"Cc1cc(C)c2c(CSc3nnc(CSc4nc5cc(Cl)ccc5o4)o3)cc(=O)oc2c1";"YBFIGQDLCBUAFI-UHFFFAOYSA-N"
"CHEMBL4868808";"";"";"Unknown";"";"453.50";"4";"4";"4.91";"104.39";"10";"0";"0";"7";"N";"0.25";"None";"None";"3.47";"3.47";"5";"MOL";"-1";"31";"8";"0";"0";"453.0453";"-1.54";"NEUTRAL";"C21H15N3O5S2";"COc1ccc2oc(=O)cc(CSc3nnc(CSc4nc5ccccc5o4)o3)c2c1";"WJOSKKVBQJRJQT-UHFFFAOYSA-N"
"CHEMBL4864874";"";"";"Unknown";"";"507.98";"4";"4";"6.71";"95.16";"9";"0";"2";"6";"N";"0.14";"None";"None";"5.22";"5.22";"6";"MOL";"-1";"34";"7";"0";"2";"507.0114";"-1.46";"NEUTRAL";"C24H14ClN3O4S2";"O=c1cc(CSc2nnc(CSc3nc4cc(Cl)ccc4o3)o2)c2ccc3ccccc3c2o1";"MBNZFMFKHLNBLI-UHFFFAOYSA-N"
"CHEMBL329919";"";"";"Small molecule";"";"411.43";"4";"10";"3.81";"77.98";"5";"1";"0";"2";"N";"0.70";"10.61";"None";"3.77";"3.77";"3";"MOL";"-1";"27";"5";"2";"0";"411.0323";"-1.46";"NEUTRAL";"C17H12F3N3O2S2";"NS(=O)(=O)c1ccc(-n2nc(C(F)(F)F)c3c2-c2ccccc2CS3)cc1";"FOTJKGZGHZQSLX-UHFFFAOYSA-N"
"CHEMBL4780951";"";"";"Unknown";"";"417.51";"3";"12";"3.68";"89.88";"8";"1";"0";"7";"N";"0.47";"11.78";"4.80";"3.70";"3.69";"3";"MOL";"-1";"28";"7";"1";"0";"417.0817";"-1.76";"NEUTRAL";"C19H19N3O4S2";"COc1ccc(/C=N/Nc2nc(-c3ccc(S(C)(=O)=O)cc3)cs2)cc1OC";"PIALJPMQPCZAOU-RGVLZGJSSA-N"
"CHEMBL66552";"LOXOPROFEN SODIUM";"Loxoprofen Sodium";"Small molecule";"";"268.29";"16";"31";"2.79";"54.37";"2";"1";"0";"4";"N";"0.89";"4.19";"None";"3.35";"0.31";"1";"MOL";"-1";"18";"3";"1";"0";"246.1256";"0.66";"ACID";"C15H17NaO3";"CC(C(=O)[O-])c1ccc(CC2CCCC2=O)cc1.[Na+]";"WORCCYVLMMTGFR-UHFFFAOYSA-M"
"CHEMBL1950018";"";"";"Small molecule";"";"324.34";"3";"5";"2.74";"92.28";"4";"2";"0";"5";"N";"0.70";"3.94";"2.89";"2.21";"-0.65";"3";"MOL";"-1";"24";"6";"2";"0";"324.1110";"-0.48";"ACID";"C18H16N2O4";"COc1ccc2[nH]c(C(=O)c3cc(C)ccn3)c(CC(=O)O)c2c1";"SCECXPYERIUNDX-UHFFFAOYSA-N"
"CHEMBL273420";"";"";"Small molecule";"";"411.43";"4";"9";"3.81";"77.98";"5";"1";"0";"2";"N";"0.70";"10.60";"None";"3.77";"3.77";"3";"MOL";"-1";"27";"5";"2";"0";"411.0323";"-1.64";"NEUTRAL";"C17H12F3N3O2S2";"NS(=O)(=O)c1ccc(-n2nc(C(F)(F)F)c3c2-c2ccccc2SC3)cc1";"ACFQQDXFCVFBIX-UHFFFAOYSA-N"
"CHEMBL2380864";"";"";"Small molecule";"";"313.66";"6";"23";"5.27";"39.17";"3";"0";"1";"2";"N";"0.65";"None";"None";"4.20";"4.20";"3";"MOL";"-1";"21";"3";"0";"1";"313.0117";"-1.06";"NEUTRAL";"C14H7ClF3NO2";"FC(F)(F)c1onc(-c2ccc(Cl)o2)c1-c1ccccc1";"PAJDTRQTUSXNOW-UHFFFAOYSA-N"
"CHEMBL2380870";"";"";"Small molecule";"";"275.69";"3";"3";"3.75";"59.40";"4";"1";"0";"3";"N";"0.79";"13.83";"None";"2.55";"2.55";"3";"MOL";"-1";"19";"4";"1";"0";"275.0349";"-0.52";"NEUTRAL";"C14H10ClNO3";"OCc1onc(-c2ccc(Cl)o2)c1-c1ccccc1";"BHEBXCRPZLSIDX-UHFFFAOYSA-N"
"CHEMBL1814728";"";"";"Small molecule";"";"362.40";"3";"3";"3.95";"77.76";"3";"3";"0";"5";"N";"0.77";"4.25";"None";"4.30";"1.30";"2";"MOL";"-1";"25";"4";"3";"0";"340.1675";"0.93";"ACID";"C21H23NaO4";"CC(C(=O)[O-])c1ccc(C[C@H]2CCC[C@H]2O)cc1-c1ccc(O)cc1.[Na+]";"PQJGYJWOGPPKFV-MSGNNBKHSA-M"
"CHEMBL4879127";"";"";"Unknown";"";"471.95";"4";"4";"5.86";"95.16";"9";"0";"1";"6";"N";"0.22";"None";"None";"4.75";"4.75";"5";"MOL";"-1";"31";"7";"0";"1";"471.0114";"-1.66";"NEUTRAL";"C21H14ClN3O4S2";"Cc1cccc2oc(=O)cc(CSc3nnc(CSc4nc5cc(Cl)ccc5o4)o3)c12";"ZSXDAALNPMIWIH-UHFFFAOYSA-N"
"CHEMBL4755330";"";"";"Unknown";"";"356.38";"6";"15";"1.95";"107.89";"5";"4";"0";"5";"N";"0.37";"9.14";"None";"2.68";"2.67";"2";"MOL";"-1";"26";"7";"4";"0";"356.1372";"-0.78";"NEUTRAL";"C19H20N2O5";"Cc1ccc(OCC(=O)NNC(=O)/C=C/c2ccc(O)c(O)c2)c(C)c1";"HDDOIBNGXAOLEL-VMPITWQZSA-N"
"CHEMBL1814717";"";"";"Small molecule";"";"428.38";"4";"4";"5.35";"63.60";"3";"1";"1";"6";"N";"0.70";"4.10";"None";"6.42";"3.33";"2";"MOL";"-1";"29";"4";"1";"1";"406.1392";"0.16";"ACID";"C22H20F3NaO4";"CC(C(=O)[O-])c1ccc(CC2CCCC2=O)c(-c2ccc(OC(F)(F)F)cc2)c1.[Na+]";"GKHSOLAYHSWOSL-UHFFFAOYSA-M"
"CHEMBL3264700";"";"";"Small molecule";"";"336.42";"4";"5";"4.32";"56.74";"6";"0";"0";"4";"N";"0.52";"None";"None";"4.86";"4.86";"4";"MOL";"-1";"24";"5";"0";"0";"336.1045";"-2.42";"NEUTRAL";"C18H16N4OS";"Cc1ccc(-n2cc(CSc3nc4ccccc4o3)nn2)cc1C";"DPOCGLVTVQYWBQ-UHFFFAOYSA-N"
"CHEMBL3104539";"";"";"Small molecule";"";"430.50";"7";"14";"2.65";"88.40";"5";"2";"0";"7";"N";"0.60";"None";"None";"2.05";"2.05";"3";"MOL";"-1";"30";"6";"2";"0";"430.1363";"-1.43";"NEUTRAL";"C22H23FN2O4S";"Cc1c(CC(=O)NCCO)cc(-c2ccc(S(C)(=O)=O)cc2)n1-c1ccc(F)cc1";"UPOOCQONPNXLKC-UHFFFAOYSA-N"
"CHEMBL3104556";"";"";"Small molecule";"";"475.50";"14";"58";"2.86";"120.54";"7";"1";"0";"9";"N";"0.29";"None";"None";"2.75";"2.75";"3";"MOL";"-1";"33";"9";"1";"0";"475.1213";"-1.59";"NEUTRAL";"C22H22FN3O6S";"Cc1c(CC(=O)NCCO[N+](=O)[O-])cc(-c2ccc(S(C)(=O)=O)cc2)n1-c1ccc(F)cc1";"IVQJGLCSKNJIAD-UHFFFAOYSA-N"
"CHEMBL3958352";"";"";"Small molecule";"";"401.92";"3";"7";"3.46";"45.55";"5";"0";"0";"4";"N";"0.67";"None";"1.56";"3.28";"3.28";"3";"MOL";"-1";"27";"5";"0";"0";"401.0965";"-1.73";"NEUTRAL";"C20H20ClN3O2S";"O=C(CCn1sc2ccccc2c1=O)N1CCN(c2cccc(Cl)c2)CC1";"ORCRXIRIZAHGFN-UHFFFAOYSA-N"
"CHEMBL4785750";"";"";"Unknown";"";"387.49";"3";"7";"3.67";"80.65";"7";"1";"0";"6";"N";"0.52";"11.18";"4.39";"3.86";"3.86";"3";"MOL";"-1";"26";"6";"1";"0";"387.0711";"-2.01";"NEUTRAL";"C18H17N3O3S2";"COc1ccccc1/C=N/Nc1nc(-c2ccc(S(C)(=O)=O)cc2)cs1";"SXQCPVRAMAXZOY-YBFXNURJSA-N"
"CHEMBL3264691";"";"";"Small molecule";"";"338.39";"5";"10";"3.71";"65.97";"7";"0";"0";"5";"N";"0.52";"None";"None";"3.67";"3.67";"4";"MOL";"-1";"24";"6";"0";"0";"338.0837";"-2.16";"NEUTRAL";"C17H14N4O2S";"COc1ccc(-n2cc(CSc3nc4ccccc4o3)nn2)cc1";"COAQKUPDYYYTMU-UHFFFAOYSA-N"
"CHEMBL4763455";"";"";"Unknown";"";"407.22";"6";"15";"2.10";"107.89";"5";"4";"0";"5";"N";"0.35";"9.02";"None";"2.42";"2.41";"2";"MOL";"-1";"25";"7";"4";"0";"406.0164";"-0.72";"NEUTRAL";"C17H15BrN2O5";"O=C(/C=C/c1ccc(O)c(O)c1)NNC(=O)COc1ccc(Br)cc1";"GKXAVMITOMWEIS-KRXBUXKQSA-N"
"CHEMBL3264692";"";"";"Small molecule";"";"342.81";"4";"5";"4.35";"56.74";"6";"0";"0";"4";"N";"0.52";"None";"None";"4.44";"4.44";"4";"MOL";"-1";"23";"5";"0";"0";"342.0342";"-2.61";"NEUTRAL";"C16H11ClN4OS";"Clc1cccc(-n2cc(CSc3nc4ccccc4o3)nn2)c1";"LVWVBJQPFAYETM-UHFFFAOYSA-N"
"CHEMBL3113236";"";"";"Small molecule";"";"369.73";"5";"12";"3.88";"71.09";"4";"2";"0";"4";"N";"0.80";"6.66";"6.40";"2.83";"2.68";"2";"MOL";"-1";"23";"5";"2";"0";"368.9962";"-1.72";"NEUTRAL";"C12H8ClF4N3O2S";"O=S(=O)(Nc1ccncc1Nc1ccc(F)c(Cl)c1)C(F)(F)F";"GEPDHYISDWHCFI-UHFFFAOYSA-N"
"CHEMBL4750539";"";"";"Unknown";"";"379.37";"6";"15";"1.89";"120.78";"6";"4";"0";"5";"N";"0.31";"9.12";"2.85";"1.81";"1.80";"3";"MOL";"-1";"28";"8";"4";"0";"379.1168";"-0.83";"NEUTRAL";"C20H17N3O5";"O=C(/C=C/c1ccc(O)c(O)c1)NNC(=O)COc1cccc2cccnc12";"KKWGNMIYYGRBJT-VQHVLOKHSA-N"
"CHEMBL4790377";"";"";"Unknown";"";"403.49";"3";"12";"3.37";"100.88";"8";"2";"0";"6";"N";"0.48";"9.18";"4.17";"3.56";"3.55";"3";"MOL";"-1";"27";"7";"2";"0";"403.0660";"-1.73";"NEUTRAL";"C18H17N3O4S2";"COc1ccc(O)c(/C=N/Nc2nc(-c3ccc(S(C)(=O)=O)cc3)cs2)c1";"WIYQKOSNHXVUKK-VXLYETTFSA-N"
"CHEMBL4745350";"";"";"Unknown";"";"389.46";"3";"7";"3.07";"111.88";"8";"3";"0";"5";"N";"0.46";"8.62";"4.30";"3.41";"3.38";"3";"MOL";"-1";"26";"7";"3";"0";"389.0504";"-1.54";"NEUTRAL";"C17H15N3O4S2";"CS(=O)(=O)c1ccc(-c2csc(N/N=C/c3ccc(O)cc3O)n2)cc1";"RSPDRFFXLZHOHV-GIJQJNRQSA-N"
"CHEMBL1814712";"";"";"Small molecule";"";"344.39";"4";"4";"4.45";"54.37";"2";"1";"0";"5";"N";"0.88";"4.43";"None";"4.99";"2.13";"2";"MOL";"-1";"24";"3";"1";"0";"322.1569";"0.53";"ACID";"C21H21NaO3";"CC(C(=O)[O-])c1ccc(CC2CCCC2=O)c(-c2ccccc2)c1.[Na+]";"LJYGBCRIWRHWJR-UHFFFAOYSA-M"
"CHEMBL3113229";"";"";"Small molecule";"";"345.35";"3";"3";"3.70";"71.09";"4";"2";"0";"4";"N";"0.89";"6.66";"6.40";"3.11";"2.96";"2";"MOL";"-1";"23";"5";"2";"0";"345.0759";"-1.16";"NEUTRAL";"C14H14F3N3O2S";"Cc1cc(C)cc(Nc2cnccc2NS(=O)(=O)C(F)(F)F)c1";"ZSJUWFAOKZZZMO-UHFFFAOYSA-N"
"CHEMBL109017";"";"";"Small molecule";"";"388.40";"6";"11";"2.97";"90.87";"6";"1";"0";"3";"N";"0.75";"10.66";"1.46";"2.80";"2.80";"3";"MOL";"-1";"25";"6";"2";"0";"388.0276";"-1.87";"NEUTRAL";"C14H11F3N4O2S2";"Cc1csc(-c2nc(C(F)(F)F)cn2-c2ccc(S(N)(=O)=O)cc2)n1";"NCQAPPLITRJWMF-UHFFFAOYSA-N"
"CHEMBL95021";"";"";"Small molecule";"";"395.36";"4";"9";"3.10";"87.21";"5";"1";"0";"2";"N";"0.72";"10.59";"None";"3.09";"3.09";"3";"MOL";"-1";"27";"6";"2";"0";"395.0551";"-1.33";"NEUTRAL";"C17H12F3N3O3S";"NS(=O)(=O)c1ccc(-n2nc(C(F)(F)F)c3c2-c2ccccc2OC3)cc1";"ARDUNDMCGGZTSG-UHFFFAOYSA-N"
"CHEMBL1275940";"BROMOLOXOPROFEN";"Bromoloxoprofen";"Small molecule";"";"347.18";"6";"11";"3.55";"54.37";"2";"1";"0";"4";"N";"0.92";"3.29";"None";"4.11";"0.69";"1";"MOL";"-1";"19";"3";"1";"0";"324.0361";"0.58";"ACID";"C15H16BrNaO3";"CC(C(=O)[O-])c1ccc(CC2CCCC2=O)cc1Br.[Na+]";"YVNMRWQDSVWHMD-UHFFFAOYSA-M"
"CHEMBL1288554";"";"";"Small molecule";"";"313.06";"3";"3";"3.78";"46.53";"2";"1";"0";"1";"N";"0.86";"2.73";"None";"3.83";"0.34";"1";"MOL";"-1";"19";"3";"1";"0";"311.9568";"0.21";"ACID";"C11H5Cl2F3O3";"O=C(O)C1=Cc2cc(Cl)c(Cl)cc2OC1C(F)(F)F";"HMBUMPBGRPVQME-UHFFFAOYSA-N"
"CHEMBL1814707";"";"";"Small molecule";"";"302.73";"4";"4";"3.44";"54.37";"2";"1";"0";"4";"N";"0.92";"3.94";"None";"3.95";"0.76";"1";"MOL";"-1";"19";"3";"1";"0";"280.0866";"0.37";"ACID";"C15H16ClNaO3";"CC(C(=O)[O-])c1ccc(CC2CCCC2=O)cc1Cl.[Na+]";"XJOSBPJHURVJFY-UHFFFAOYSA-M"
"CHEMBL1288591";"";"";"Small molecule";"";"313.06";"3";"3";"3.78";"46.53";"2";"1";"0";"1";"N";"0.86";"2.74";"None";"3.83";"0.34";"1";"MOL";"-1";"19";"3";"1";"0";"311.9568";"0.19";"ACID";"C11H5Cl2F3O3";"O=C(O)C1=Cc2ccc(Cl)c(Cl)c2OC1C(F)(F)F";"QTMGHZURJYOUFO-UHFFFAOYSA-N"
"CHEMBL3113235";"";"";"Small molecule";"";"410.21";"3";"3";"4.16";"71.09";"4";"2";"0";"4";"N";"0.79";"6.66";"6.40";"3.36";"3.22";"2";"MOL";"-1";"23";"5";"2";"0";"408.9707";"-1.40";"NEUTRAL";"C13H11BrF3N3O2S";"Cc1cc(Nc2cnccc2NS(=O)(=O)C(F)(F)F)ccc1Br";"MJHUOIKFZJDXDI-UHFFFAOYSA-N"
"CHEMBL3264690";"";"";"Small molecule";"";"336.42";"5";"14";"4.26";"56.74";"6";"0";"0";"5";"N";"0.51";"None";"None";"4.79";"4.79";"4";"MOL";"-1";"24";"5";"0";"0";"336.1045";"-2.28";"NEUTRAL";"C18H16N4OS";"CCc1ccc(-n2cc(CSc3nc4ccccc4o3)nn2)cc1";"YZIAGKVBNGLJFM-UHFFFAOYSA-N"
"CHEMBL3264696";"";"";"Small molecule";"";"326.36";"4";"5";"3.84";"56.74";"6";"0";"0";"4";"N";"0.53";"None";"None";"3.97";"3.97";"4";"MOL";"-1";"23";"5";"0";"0";"326.0638";"-2.59";"NEUTRAL";"C16H11FN4OS";"Fc1ccc(-n2cc(CSc3nc4ccccc4o3)nn2)cc1";"IKKBSTHJSYHHHQ-UHFFFAOYSA-N"
"CHEMBL5200916";"";"";"";"";"415.47";"7";"21";"3.58";"54.26";"5";"0";"0";"4";"N";"0.51";"None";"3.20";"3.87";"3.87";"4";"MOL";"0";"31";"6";"0";"0";"415.1808";"-1.87";"NEUTRAL";"C24H22FN5O";"O=C(c1cc2ccccc2n1Cc1ccc(F)cc1)N1CCN(c2ncccn2)CC1";"WBAUABWXAYXASI-UHFFFAOYSA-N"
"CHEMBL3113232";"";"";"Small molecule";"";"291.38";"3";"3";"2.81";"71.09";"4";"2";"0";"4";"N";"0.91";"9.70";"6.95";"1.60";"1.47";"2";"MOL";"-1";"20";"5";"2";"0";"291.1041";"-1.70";"NEUTRAL";"C14H17N3O2S";"Cc1ccc(Nc2cnccc2NS(C)(=O)=O)cc1C";"OQSNXVJQCQCAGM-UHFFFAOYSA-N"
"CHEMBL3264701";"";"";"Small molecule";"";"364.47";"4";"5";"5.00";"56.74";"6";"0";"0";"4";"N";"0.48";"None";"None";"5.38";"5.38";"4";"MOL";"-1";"26";"5";"0";"0";"364.1358";"-2.23";"NEUTRAL";"C20H20N4OS";"CC(C)(C)c1ccc(-n2cc(CSc3nc4ccccc4o3)nn2)cc1";"DOKXRCFCOGDSEH-UHFFFAOYSA-N"
"CHEMBL3325873";"";"";"Small molecule";"";"427.51";"8";"13";"4.27";"91.46";"8";"2";"0";"5";"N";"0.37";"11.24";"3.79";"5.28";"5.28";"4";"MOL";"-1";"32";"8";"2";"0";"427.2121";"-1.53";"NEUTRAL";"C24H25N7O";"Cc1nn(-c2ccccc2)c(N2CCCCC2)c1/C=N/Nc1nc2ccccc2nc1O";"HGSCZPFYZGNCLI-PCLIKHOPSA-N"
"CHEMBL3325874";"";"";"Small molecule";"";"428.50";"8";"13";"2.69";"103.49";"9";"3";"0";"5";"N";"0.33";"11.24";"8.82";"3.89";"2.46";"4";"MOL";"-1";"32";"9";"3";"0";"428.2073";"-1.48";"BASE";"C23H24N8O";"Cc1nn(-c2ccccc2)c(N2CCNCC2)c1/C=N/Nc1nc2ccccc2nc1O";"SGWFIJSYEOLUGL-MFKUBSTISA-N"
"CHEMBL2380861";"";"";"Small molecule";"";"227.26";"3";"3";"2.70";"56.23";"3";"1";"0";"3";"Y";"0.82";"None";"None";"1.80";"1.80";"2";"MOL";"-1";"17";"3";"2";"0";"227.0946";"-0.42";"NEUTRAL";"C14H13NO2";"CC(=O)/C(=C(\N)c1ccco1)c1ccccc1";"PZJGMCDQRUFQDN-BUHFOSPRSA-N"
"CHEMBL1814713";"";"";"Small molecule";"";"358.41";"4";"4";"4.76";"54.37";"2";"1";"0";"5";"N";"0.86";"4.34";"None";"5.51";"2.58";"2";"MOL";"-1";"25";"3";"1";"0";"336.1725";"0.42";"ACID";"C22H23NaO3";"Cc1ccc(-c2cc(C(C)C(=O)[O-])ccc2CC2CCCC2=O)cc1.[Na+]";"DKYBDHTZRSEVKL-UHFFFAOYSA-M"
"CHEMBL1814711";"";"";"Small molecule";"";"248.32";"3";"3";"2.58";"57.53";"2";"2";"0";"4";"N";"0.86";"4.28";"None";"2.96";"-0.02";"1";"MOL";"-1";"18";"3";"2";"0";"248.1412";"0.92";"ACID";"C15H20O3";"CC(C(=O)O)c1ccc(C[C@H]2CCC[C@H]2O)cc1";"SHAHPWSYJFYMRX-WDEVSDKISA-N"
"CHEMBL3104551";"";"";"Small molecule";"";"445.52";"6";"9";"2.10";"114.42";"6";"3";"0";"7";"N";"0.52";"None";"7.02";"1.23";"1.07";"3";"MOL";"-1";"31";"7";"4";"0";"445.1472";"-1.31";"NEUTRAL";"C22H24FN3O4S";"Cc1c(C(N)C(=O)NCCO)cc(-c2ccc(S(C)(=O)=O)cc2)n1-c1cccc(F)c1";"MSKAWBBFSHBBTI-UHFFFAOYSA-N"
"CHEMBL1814716";"";"";"Small molecule";"";"362.38";"4";"4";"4.59";"54.37";"2";"1";"0";"5";"N";"0.87";"4.31";"None";"5.14";"2.18";"2";"MOL";"-1";"25";"3";"1";"0";"340.1475";"0.22";"ACID";"C21H20FNaO3";"CC(C(=O)[O-])c1ccc(CC2CCCC2=O)c(-c2ccc(F)cc2)c1.[Na+]";"DLNLQIMPTPAKPR-UHFFFAOYSA-M"
"CHEMBL3893521";"";"";"Small molecule";"";"410.54";"3";"7";"3.82";"58.56";"6";"0";"0";"6";"N";"0.58";"None";"3.43";"3.65";"3.65";"3";"MOL";"-1";"29";"6";"0";"0";"410.1776";"-1.70";"NEUTRAL";"C22H26N4O2S";"Cc1cc(C)c2c(OCCCC(=O)N3CCN(c4ccccc4)CC3)nsc2n1";"ITVYFXAQCRJTCF-UHFFFAOYSA-N"
"CHEMBL3325872";"";"";"Small molecule";"";"429.48";"8";"13";"3.11";"100.69";"9";"2";"0";"5";"N";"0.37";"11.24";"3.72";"4.21";"4.21";"4";"MOL";"-1";"32";"9";"2";"0";"429.1913";"-1.68";"NEUTRAL";"C23H23N7O2";"Cc1nn(-c2ccccc2)c(N2CCOCC2)c1/C=N/Nc1nc2ccccc2nc1O";"UCWKAKPLVUTIMU-BUVRLJJBSA-N"
"CHEMBL3775406";"";"";"Small molecule";"";"385.18";"2";"2";"4.11";"49.33";"2";"2";"0";"4";"N";"0.78";"3.63";"None";"4.64";"1.30";"2";"MOL";"-1";"20";"3";"2";"0";"384.9975";"-1.25";"ACID";"C15H13FINO2";"Cc1ccc(Nc2c(F)cccc2I)c(CC(=O)O)c1";"GRBKEZGRRZAGJM-UHFFFAOYSA-N"
"CHEMBL3978014";"";"";"Small molecule";"";"444.99";"3";"6";"4.47";"58.56";"6";"0";"0";"6";"N";"0.52";"None";"1.57";"4.26";"4.26";"3";"MOL";"-1";"30";"6";"0";"0";"444.1387";"-1.90";"NEUTRAL";"C22H25ClN4O2S";"Cc1cc(C)c2c(OCCCC(=O)N3CCN(c4cccc(Cl)c4)CC3)nsc2n1";"JOFJHDBWCIAMTF-UHFFFAOYSA-N"
"CHEMBL316455";"";"";"Small molecule";"";"429.42";"4";"9";"3.95";"77.98";"5";"1";"0";"2";"N";"0.63";"10.61";"None";"3.91";"3.91";"3";"MOL";"-1";"28";"5";"2";"0";"429.0229";"-1.66";"NEUTRAL";"C17H11F4N3O2S2";"NS(=O)(=O)c1ccc(-n2nc(C(F)(F)F)c3c2-c2ccc(F)cc2CS3)cc1";"VRUCBLAUNYFIPA-UHFFFAOYSA-N"
"CHEMBL2380874";"";"";"Small molecule";"";"225.25";"3";"3";"3.91";"39.17";"3";"0";"0";"2";"N";"0.66";"None";"None";"3.28";"3.28";"3";"MOL";"-1";"17";"3";"0";"0";"225.0790";"-1.30";"NEUTRAL";"C14H11NO2";"Cc1onc(-c2ccco2)c1-c1ccccc1";"KXQLLEQKHARGDS-UHFFFAOYSA-N"
"CHEMBL1288556";"";"";"Small molecule";"";"313.06";"3";"3";"3.78";"46.53";"2";"1";"0";"1";"N";"0.86";"2.75";"None";"3.83";"0.34";"1";"MOL";"-1";"19";"3";"1";"0";"311.9568";"0.25";"ACID";"C11H5Cl2F3O3";"O=C(O)C1=Cc2c(Cl)cc(Cl)cc2OC1C(F)(F)F";"KJOSDRUNXOPTEP-UHFFFAOYSA-N"
"CHEMBL1288555";"";"SD-8381";"Small molecule";"";"313.06";"8";"12";"3.78";"46.53";"2";"1";"0";"1";"N";"0.86";"2.74";"None";"3.83";"0.34";"1";"MOL";"-1";"19";"3";"1";"0";"311.9568";"-0.09";"ACID";"C11H5Cl2F3O3";"O=C(O)C1=Cc2cc(Cl)cc(Cl)c2OC1C(F)(F)F";"ZFKBWSREWJOSSJ-UHFFFAOYSA-N"
"CHEMBL363228";"";"";"Small molecule";"";"259.69";"8";"31";"4.56";"39.17";"3";"0";"0";"2";"N";"0.68";"None";"None";"3.60";"3.60";"3";"MOL";"-1";"18";"3";"0";"0";"259.0400";"-1.10";"NEUTRAL";"C14H10ClNO2";"Cc1onc(-c2ccc(Cl)o2)c1-c1ccccc1";"IPAVFMUBTIUYBW-UHFFFAOYSA-N"
"CHEMBL1950010";"";"";"Small molecule";"";"324.34";"3";"5";"2.74";"92.28";"4";"2";"0";"5";"N";"0.70";"3.93";"2.89";"2.21";"-0.65";"3";"MOL";"-1";"24";"6";"2";"0";"324.1110";"-0.41";"ACID";"C18H16N2O4";"COc1ccc2c(CC(=O)O)c(C(=O)c3cc(C)ccn3)[nH]c2c1";"BVLDTQOJHAZUMB-UHFFFAOYSA-N"
"CHEMBL3974473";"";"";"Small molecule";"";"342.47";"4";"8";"3.08";"50.16";"6";"1";"0";"6";"N";"0.75";"None";"5.75";"3.01";"3.00";"3";"MOL";"-1";"24";"5";"1";"0";"342.1514";"-1.46";"NEUTRAL";"C18H22N4OS";"Cc1cc(C)c2c(=O)n(CN(C)CCNc3ccccc3)sc2n1";"WPPFCDYSNOXFKO-UHFFFAOYSA-N"
"CHEMBL1814709";"";"";"Small molecule";"";"313.29";"4";"4";"2.69";"97.51";"4";"1";"0";"5";"N";"0.66";"3.45";"None";"3.29";"-0.10";"1";"MOL";"-1";"21";"6";"1";"0";"291.1107";"0.12";"ACID";"C15H16NNaO5";"CC(C(=O)[O-])c1ccc(CC2CCCC2=O)cc1[N+](=O)[O-].[Na+]";"OZUFPJMEXZUUIF-UHFFFAOYSA-M"
"CHEMBL3113226";"";"";"Small molecule";"";"342.30";"3";"3";"2.96";"94.88";"5";"2";"0";"4";"N";"0.89";"6.66";"6.40";"1.93";"1.79";"2";"MOL";"-1";"23";"6";"2";"0";"342.0398";"-1.66";"NEUTRAL";"C13H9F3N4O2S";"N#Cc1cccc(Nc2cnccc2NS(=O)(=O)C(F)(F)F)c1";"SYUZXCHRMKPZQM-UHFFFAOYSA-N"
"CHEMBL3915322";"";"";"Small molecule";"";"427.53";"3";"5";"3.07";"73.66";"7";"0";"0";"5";"N";"0.63";"None";"3.26";"2.41";"2.41";"3";"MOL";"-1";"30";"7";"0";"0";"427.1566";"-1.02";"NEUTRAL";"C22H25N3O4S";"COc1cc2c(cc1OC)CN(C(=O)CCn1sc3nc(C)cc(C)c3c1=O)CC2";"AKRMHZAKOUMKRI-UHFFFAOYSA-N"
"CHEMBL2419964";"";"";"Small molecule";"";"416.98";"8";"11";"3.94";"41.37";"6";"0";"0";"5";"N";"0.63";"None";"7.37";"4.02";"3.74";"3";"MOL";"-1";"28";"5";"0";"0";"416.1438";"-1.67";"NEUTRAL";"C21H25ClN4OS";"Cc1cc(C)c2c(=O)n(CCCN3CCN(c4cccc(Cl)c4)CC3)sc2n1";"YPNORIQUZGLIEK-UHFFFAOYSA-N"
"CHEMBL1814726";"";"";"Small molecule";"";"360.39";"5";"8";"4.16";"74.60";"3";"2";"0";"5";"N";"0.86";"4.19";"None";"4.69";"1.65";"2";"MOL";"-1";"25";"4";"2";"0";"338.1518";"0.74";"ACID";"C21H21NaO4";"CC(C(=O)[O-])c1ccc(CC2CCCC2=O)cc1-c1ccc(O)cc1.[Na+]";"UBSSLRBAOIXMRM-UHFFFAOYSA-M"
"CHEMBL2380863";"";"";"Small molecule";"";"269.73";"3";"3";"4.97";"26.03";"2";"0";"0";"2";"N";"0.66";"None";"0.13";"4.82";"4.82";"3";"MOL";"-1";"19";"2";"0";"0";"269.0607";"-1.11";"NEUTRAL";"C16H12ClNO";"Cc1onc(-c2ccccc2Cl)c1-c1ccccc1";"YUSDGTLMDWWCOF-UHFFFAOYSA-N"
"CHEMBL328906";"";"";"Small molecule";"";"425.46";"4";"10";"4.12";"77.98";"5";"1";"0";"2";"N";"0.67";"10.61";"None";"4.29";"4.28";"3";"MOL";"-1";"28";"5";"2";"0";"425.0480";"-1.47";"NEUTRAL";"C18H14F3N3O2S2";"Cc1ccc2c(c1)CSc1c(C(F)(F)F)nn(-c3ccc(S(N)(=O)=O)cc3)c1-2";"XTDMKGFJRUDIKB-UHFFFAOYSA-N"
"CHEMBL1950009";"";"";"Small molecule";"";"312.30";"4";"6";"2.87";"83.05";"3";"2";"0";"4";"N";"0.73";"3.98";"2.91";"2.53";"-0.32";"3";"MOL";"-1";"23";"5";"2";"0";"312.0910";"-0.81";"ACID";"C17H13FN2O3";"Cc1ccnc(C(=O)c2[nH]c3cc(F)ccc3c2CC(=O)O)c1";"SZQLJRUPQGEKLC-UHFFFAOYSA-N"
"CHEMBL1814727";"";"";"Small molecule";"";"362.40";"3";"3";"3.95";"77.76";"3";"3";"0";"5";"N";"0.77";"4.25";"None";"4.30";"1.30";"2";"MOL";"-1";"25";"4";"3";"0";"340.1675";"0.93";"ACID";"C21H23NaO4";"CC(C(=O)[O-])c1ccc(C[C@H]2CCC[C@@H]2O)cc1-c1ccc(O)cc1.[Na+]";"PQJGYJWOGPPKFV-CQOCNBRSSA-M"
"CHEMBL4868438";"";"";"Unknown";"";"487.95";"4";"4";"5.56";"104.39";"10";"0";"1";"7";"N";"0.21";"None";"None";"4.08";"4.08";"5";"MOL";"-1";"32";"8";"0";"1";"487.0063";"-1.66";"NEUTRAL";"C21H14ClN3O5S2";"COc1ccc2oc(=O)cc(CSc3nnc(CSc4nc5cc(Cl)ccc5o4)o3)c2c1";"NPRMVOFUUXXJDV-UHFFFAOYSA-N"
"CHEMBL3264697";"";"";"Small molecule";"";"322.39";"4";"5";"4.01";"56.74";"6";"0";"0";"4";"N";"0.53";"None";"None";"4.35";"4.35";"4";"MOL";"-1";"23";"5";"0";"0";"322.0888";"-2.21";"NEUTRAL";"C17H14N4OS";"Cc1ccccc1-n1cc(CSc2nc3ccccc3o2)nn1";"FVRONCXVPDNNAY-UHFFFAOYSA-N"
"CHEMBL3104549";"";"";"Small molecule";"";"490.51";"13";"49";"2.32";"146.56";"8";"2";"0";"9";"N";"0.27";"None";"7.02";"1.93";"1.77";"3";"MOL";"-1";"34";"10";"3";"0";"490.1322";"-1.48";"NEUTRAL";"C22H23FN4O6S";"Cc1c(C(N)C(=O)NCCO[N+](=O)[O-])cc(-c2ccc(S(C)(=O)=O)cc2)n1-c1cccc(F)c1";"UGEHBVDSAURCGJ-UHFFFAOYSA-N"
"CHEMBL411894";"";"";"Small molecule";"";"429.42";"3";"6";"3.95";"77.98";"5";"1";"0";"2";"N";"0.63";"10.60";"None";"3.91";"3.91";"3";"MOL";"-1";"28";"5";"2";"0";"429.0229";"-1.60";"NEUTRAL";"C17H11F4N3O2S2";"NS(=O)(=O)c1ccc(-n2nc(C(F)(F)F)c3c2-c2cc(F)ccc2CS3)cc1";"WLFSEEOKFBUFLP-UHFFFAOYSA-N"
"CHEMBL3264688";"";"";"Small molecule";"";"353.36";"4";"5";"3.61";"99.88";"8";"0";"0";"5";"N";"0.31";"None";"None";"3.77";"3.77";"4";"MOL";"-1";"25";"8";"0";"0";"353.0583";"-2.48";"NEUTRAL";"C16H11N5O3S";"O=[N+]([O-])c1ccc(-n2cc(CSc3nc4ccccc4o3)nn2)cc1";"USWACCOSSLXYJD-UHFFFAOYSA-N"
"CHEMBL3113241";"";"";"Small molecule";"";"281.31";"3";"3";"2.34";"71.09";"4";"2";"0";"4";"N";"0.90";"9.70";"6.95";"0.71";"0.58";"2";"MOL";"-1";"19";"5";"2";"0";"281.0634";"-1.94";"NEUTRAL";"C12H12FN3O2S";"CS(=O)(=O)Nc1ccncc1Nc1cccc(F)c1";"RNWMHBCUGLUQES-UHFFFAOYSA-N"
"CHEMBL3977032";"";"";"Small molecule";"";"410.54";"3";"8";"3.37";"58.44";"6";"0";"0";"4";"N";"0.66";"None";"3.64";"3.55";"3.55";"3";"MOL";"-1";"29";"6";"0";"0";"410.1776";"-1.35";"NEUTRAL";"C22H26N4O2S";"CCC(C(=O)N1CCN(c2ccccc2)CC1)n1sc2nc(C)cc(C)c2c1=O";"YSNMKPIVLHLUPB-UHFFFAOYSA-N"
"CHEMBL1814720";"";"";"Small molecule";"";"344.39";"4";"4";"4.45";"54.37";"2";"1";"0";"5";"N";"0.88";"4.43";"None";"4.99";"2.13";"2";"MOL";"-1";"24";"3";"1";"0";"322.1569";"0.52";"ACID";"C21H21NaO3";"CC(C(=O)[O-])c1ccc(CC2CCCC2=O)cc1-c1ccccc1.[Na+]";"TVVPAASVSWBDPM-UHFFFAOYSA-M"
"CHEMBL3264703";"";"";"Small molecule";"";"309.35";"4";"5";"3.10";"69.63";"7";"0";"0";"4";"N";"0.54";"None";"4.78";"2.61";"2.61";"4";"MOL";"-1";"22";"6";"0";"0";"309.0684";"-2.44";"NEUTRAL";"C15H11N5OS";"c1cncc(-n2cc(CSc3nc4ccccc4o3)nn2)c1";"WDAGSKDAQKTQGQ-UHFFFAOYSA-N"
"CHEMBL1950019";"";"";"Small molecule";"";"377.23";"3";"5";"4.29";"83.05";"3";"2";"0";"5";"N";"0.65";"3.71";"1.18";"4.42";"1.12";"3";"MOL";"-1";"25";"5";"2";"0";"376.0381";"-0.65";"ACID";"C18H14Cl2N2O3";"CCc1cc(C(=O)c2[nH]c3cc(Cl)ccc3c2CC(=O)O)ncc1Cl";"GRTNJTOOCDMMEK-UHFFFAOYSA-N"
"CHEMBL3933250";"";"";"Small molecule";"";"252.29";"3";"7";"2.16";"72.31";"5";"1";"0";"3";"N";"0.91";"3.83";"None";"2.32";"-0.93";"2";"MOL";"-1";"17";"5";"1";"0";"252.0569";"-1.24";"ACID";"C11H12N2O3S";"Cc1cc(C)c2c(OC(C)C(=O)O)nsc2n1";"XEUXPQLNLRSQHD-UHFFFAOYSA-N"
"CHEMBL2106681";"FLUPROQUAZONE";"46-790|FLUPROQUAZONE|Tormosyl";"Small molecule";"-1.0";"296.35";"2";"3";"4.09";"34.89";"3";"0";"0";"2";"N";"0.71";"None";"None";"4.21";"4.21";"3";"MOL";"0";"22";"3";"0";"0";"296.1325";"-1.40";"NEUTRAL";"C18H17FN2O";"Cc1ccc2c(-c3ccc(F)cc3)nc(=O)n(C(C)C)c2c1";"ZWOUXWWGKJBAHQ-UHFFFAOYSA-N"
"CHEMBL3325875";"";"";"Small molecule";"";"470.54";"8";"13";"2.94";"111.77";"9";"2";"0";"5";"N";"0.34";"11.24";"3.75";"3.50";"3.50";"4";"MOL";"-1";"35";"10";"2";"0";"470.2179";"-1.60";"NEUTRAL";"C25H26N8O2";"CC(=O)N1CCN(c2c(/C=N/Nc3nc4ccccc4nc3O)c(C)nn2-c2ccccc2)CC1";"GFECJSAJCVJBKE-WGOQTCKBSA-N"
"CHEMBL3974298";"";"";"Small molecule";"";"430.96";"3";"5";"3.47";"58.44";"6";"0";"0";"4";"N";"0.64";"None";"3.27";"3.30";"3.30";"3";"MOL";"-1";"29";"6";"0";"0";"430.1230";"-1.70";"NEUTRAL";"C21H23ClN4O2S";"Cc1cc(C)c2c(=O)n(CCC(=O)N3CCN(c4cccc(Cl)c4)CC3)sc2n1";"JORTVCJHAJIOJY-UHFFFAOYSA-N"
"CHEMBL2380877";"";"";"Small molecule";"";"303.70";"3";"3";"4.04";"65.47";"5";"0";"0";"3";"N";"0.68";"None";"None";"3.32";"3.32";"3";"MOL";"-1";"21";"5";"0";"0";"303.0298";"-0.80";"NEUTRAL";"C15H10ClNO4";"COC(=O)c1c(-c2ccc(Cl)o2)noc1-c1ccccc1";"FVAKMMKQVZFNNI-UHFFFAOYSA-N"
"CHEMBL4162061";"";"";"Small molecule";"";"387.89";"7";"10";"4.27";"56.14";"4";"0";"0";"3";"N";"0.67";"None";"None";"3.54";"3.54";"3";"MOL";"-1";"26";"4";"0";"0";"387.0696";"-1.34";"NEUTRAL";"C20H18ClNO3S";"CS(=O)(=O)c1ccc2c(c1)c1c(n2Cc2ccc(Cl)cc2)CCCC1=O";"QKLPHZIAWWXUES-UHFFFAOYSA-N"
"CHEMBL4172740";"";"";"Small molecule";"";"437.93";"7";"10";"3.45";"90.28";"6";"0";"0";"3";"N";"0.63";"None";"None";"2.52";"2.52";"3";"MOL";"-1";"28";"6";"0";"0";"437.0158";"-1.22";"NEUTRAL";"C19H16ClNO5S2";"CS(=O)(=O)c1ccc2c(c1)c1c(n2S(=O)(=O)c2ccc(Cl)cc2)CCCC1=O";"NYNZAMINEWHYNQ-UHFFFAOYSA-N"
"CHEMBL3113231";"";"";"Small molecule";"";"345.35";"3";"3";"3.70";"71.09";"4";"2";"0";"4";"N";"0.89";"6.66";"6.40";"3.11";"2.96";"2";"MOL";"-1";"23";"5";"2";"0";"345.0759";"-1.38";"NEUTRAL";"C14H14F3N3O2S";"Cc1ccc(Nc2cnccc2NS(=O)(=O)C(F)(F)F)cc1C";"WXXURXCYKRMJTM-UHFFFAOYSA-N"
"CHEMBL3113227";"";"";"Small molecule";"";"393.49";"3";"3";"2.62";"96.44";"6";"1";"0";"7";"N";"0.78";"None";"4.62";"1.59";"1.59";"2";"MOL";"-1";"26";"7";"1";"0";"393.0817";"-0.89";"NEUTRAL";"C17H19N3O4S2";"O=S(=O)(C1CC1)N(c1ccncc1Nc1ccccc1)S(=O)(=O)C1CC1";"YPUKGRYHGPSOGX-UHFFFAOYSA-N"
"CHEMBL3264695";"";"";"Small molecule";"";"387.26";"5";"10";"4.46";"56.74";"6";"0";"0";"4";"N";"0.48";"None";"None";"4.60";"4.60";"4";"MOL";"-1";"23";"5";"0";"0";"385.9837";"-2.37";"NEUTRAL";"C16H11BrN4OS";"Brc1ccc(-n2cc(CSc3nc4ccccc4o3)nn2)cc1";"OTDKTRHTEFHXBU-UHFFFAOYSA-N"
"CHEMBL3113228";"";"";"Small molecule";"";"289.36";"3";"3";"2.73";"71.09";"4";"2";"0";"5";"N";"0.89";"9.83";"6.94";"1.34";"1.21";"2";"MOL";"-1";"20";"5";"2";"0";"289.0885";"-1.38";"NEUTRAL";"C14H15N3O2S";"O=S(=O)(Nc1ccncc1Nc1ccccc1)C1CC1";"OUBIEBXGDGVTFB-UHFFFAOYSA-N"
"CHEMBL3264704";"";"";"Small molecule";"";"343.80";"4";"5";"3.75";"69.63";"7";"0";"0";"4";"N";"0.41";"None";"1.04";"3.44";"3.44";"4";"MOL";"-1";"23";"6";"0";"0";"343.0295";"-2.31";"NEUTRAL";"C15H10ClN5OS";"Clc1ncccc1-n1cc(CSc2nc3ccccc3o2)nn1";"USXAHLXYBCGWOC-UHFFFAOYSA-N"
"CHEMBL3264699";"";"";"Small molecule";"";"326.36";"4";"5";"3.84";"56.74";"6";"0";"0";"4";"N";"0.53";"None";"None";"3.97";"3.97";"4";"MOL";"-1";"23";"5";"0";"0";"326.0638";"-2.46";"NEUTRAL";"C16H11FN4OS";"Fc1ccccc1-n1cc(CSc2nc3ccccc3o2)nn1";"YOUTVOXKKLOMJX-UHFFFAOYSA-N"
"CHEMBL1814708";"";"";"Small molecule";"";"394.18";"4";"4";"3.39";"54.37";"2";"1";"0";"4";"N";"0.82";"3.26";"None";"4.27";"0.84";"1";"MOL";"-1";"19";"3";"1";"0";"372.0222";"0.60";"ACID";"C15H16INaO3";"CC(C(=O)[O-])c1ccc(CC2CCCC2=O)cc1I.[Na+]";"SHPNFEUBHRALIV-UHFFFAOYSA-M"
"CHEMBL328009";"";"";"Small molecule";"";"459.45";"4";"8";"3.96";"87.21";"6";"1";"0";"3";"N";"0.60";"10.61";"None";"3.76";"3.76";"3";"MOL";"-1";"30";"6";"2";"0";"459.0334";"-1.45";"NEUTRAL";"C18H13F4N3O3S2";"COc1cc2c(cc1F)-c1c(c(C(F)(F)F)nn1-c1ccc(S(N)(=O)=O)cc1)SC2";"MGTLMNAGSMWLBU-UHFFFAOYSA-N"
"CHEMBL4161755";"";"";"Small molecule";"";"381.86";"7";"11";"5.15";"48.30";"4";"0";"1";"2";"N";"0.62";"None";"None";"4.35";"4.35";"3";"MOL";"-1";"27";"4";"0";"1";"381.1132";"-0.60";"NEUTRAL";"C22H20ClNO3";"COc1ccc2c(c1)c1c(n2C(=O)c2ccc(Cl)cc2)CC(C)(C)CC1=O";"CKMGIAVCGSOXAT-UHFFFAOYSA-N"
"CHEMBL3906347";"";"";"Small molecule";"";"416.93";"3";"5";"3.08";"58.44";"6";"0";"0";"3";"N";"0.66";"None";"3.25";"3.06";"3.06";"3";"MOL";"-1";"28";"6";"0";"0";"416.1074";"-1.74";"NEUTRAL";"C20H21ClN4O2S";"Cc1cc(C)c2c(=O)n(CC(=O)N3CCN(c4cccc(Cl)c4)CC3)sc2n1";"HSWXAELHSCLZBD-UHFFFAOYSA-N"
"CHEMBL3325870";"";"";"Small molecule";"";"378.82";"8";"13";"3.52";"87.96";"6";"2";"0";"4";"N";"0.42";"10.88";"1.95";"3.12";"3.12";"4";"MOL";"-1";"27";"7";"2";"0";"378.0996";"-1.92";"NEUTRAL";"C19H15ClN6O";"Cc1nn(-c2ccccc2)c(Cl)c1/C=N/Nc1nc2ccccc2[nH]c1=O";"TYZNQCNJYPBIKM-SRZZPIQSSA-N"
"CHEMBL3113239";"";"";"Small molecule";"";"335.28";"3";"3";"3.23";"71.09";"4";"2";"0";"4";"N";"0.84";"6.66";"6.40";"2.22";"2.08";"2";"MOL";"-1";"22";"5";"2";"0";"335.0352";"-1.51";"NEUTRAL";"C12H9F4N3O2S";"O=S(=O)(Nc1ccncc1Nc1cccc(F)c1)C(F)(F)F";"RXKPYCRZRFXIIR-UHFFFAOYSA-N"
"CHEMBL3325733";"";"";"Small molecule";"";"387.45";"8";"13";"3.34";"91.46";"8";"2";"0";"5";"N";"0.40";"11.24";"3.76";"4.43";"4.43";"4";"MOL";"-1";"29";"8";"2";"0";"387.1808";"-1.51";"NEUTRAL";"C21H21N7O";"Cc1nn(-c2ccccc2)c(N(C)C)c1/C=N/Nc1nc2ccccc2nc1O";"WWNUJJQXWCKCJX-LPYMAVHISA-N"
"CHEMBL686";"MEFENAMIC ACID";"CI-473|CN-35355|CONTRAFLAM|DYSMAN-250|DYSMAN-500|GARDAN|INF-3355|J2.344B|M01AG01|MEFENAMATE|MEFENAMIC ACID|MEFENAMINIC ACID|MEFLAM 250|MEFLAM 500|MENDYS|MEPHENAMIC ACID|MEPHENAMINIC ACID|NSC-94437|OPUSTAN 250|OPUSTAN 500|PONSTAN|PONSTAN FTE|Ponstel";"Small molecule";"4.0";"241.29";"187";"2231";"3.75";"49.33";"2";"2";"0";"3";"N";"0.86";"3.89";"None";"5.40";"2.18";"2";"MOL";"0";"18";"3";"2";"0";"241.1103";"-0.81";"ACID";"C15H15NO2";"Cc1cccc(Nc2ccccc2C(=O)O)c1C";"HYYBABOKPJLUIN-UHFFFAOYSA-N"
"CHEMBL3924311";"";"";"Small molecule";"";"266.32";"3";"7";"2.55";"72.31";"5";"1";"0";"5";"N";"0.84";"4.23";"None";"2.27";"-0.74";"2";"MOL";"-1";"18";"5";"1";"0";"266.0725";"-1.17";"ACID";"C12H14N2O3S";"Cc1cc(C)c2c(OCCCC(=O)O)nsc2n1";"QYJZDNXVNXGUFK-UHFFFAOYSA-N"
"CHEMBL3113224";"";"";"Small molecule";"";"443.19";"3";"3";"3.69";"71.09";"4";"2";"0";"4";"N";"0.71";"6.66";"6.40";"3.01";"2.86";"2";"MOL";"-1";"22";"5";"2";"0";"442.9412";"-1.55";"NEUTRAL";"C12H9F3IN3O2S";"O=S(=O)(Nc1ccncc1Nc1cccc(I)c1)C(F)(F)F";"RHTSKOPBSZUGID-UHFFFAOYSA-N"
"CHEMBL1814723";"";"";"Small molecule";"";"390.48";"4";"4";"5.18";"54.37";"3";"1";"1";"6";"N";"0.71";"4.18";"None";"5.62";"2.57";"2";"MOL";"-1";"26";"3";"1";"1";"368.1446";"0.20";"ACID";"C22H23NaO3S";"CSc1ccc(-c2cc(CC3CCCC3=O)ccc2C(C)C(=O)[O-])cc1.[Na+]";"HOCZATUSNAWMHR-UHFFFAOYSA-M"
"CHEMBL4169347";"";"";"Small molecule";"";"401.87";"7";"16";"3.91";"73.21";"5";"0";"0";"2";"N";"0.65";"None";"None";"2.76";"2.76";"3";"MOL";"-1";"27";"5";"0";"0";"401.0489";"-1.22";"NEUTRAL";"C20H16ClNO4S";"CS(=O)(=O)c1ccc2c(c1)c1c(n2C(=O)c2ccc(Cl)cc2)CCCC1=O";"MITGKKFYIJJQGL-UHFFFAOYSA-N"
"CHEMBL1814722";"";"";"Small molecule";"";"374.41";"4";"4";"4.46";"63.60";"3";"1";"0";"6";"N";"0.83";"4.10";"None";"4.84";"1.74";"2";"MOL";"-1";"26";"4";"1";"0";"352.1675";"0.49";"ACID";"C22H23NaO4";"COc1ccc(-c2cc(CC3CCCC3=O)ccc2C(C)C(=O)[O-])cc1.[Na+]";"RLFHLBYJXUUDSI-UHFFFAOYSA-M"
"CHEMBL3264693";"";"";"Small molecule";"";"342.81";"5";"12";"4.35";"56.74";"6";"0";"0";"4";"N";"0.52";"None";"None";"4.44";"4.44";"4";"MOL";"-1";"23";"5";"0";"0";"342.0342";"-2.49";"NEUTRAL";"C16H11ClN4OS";"Clc1ccc(-n2cc(CSc3nc4ccccc4o3)nn2)cc1";"ZMUUYQXIXHEHKH-UHFFFAOYSA-N"
"CHEMBL3948850";"";"";"Small molecule";"";"410.54";"3";"5";"3.20";"58.44";"6";"0";"0";"5";"N";"0.65";"None";"3.65";"2.99";"2.99";"3";"MOL";"-1";"29";"6";"0";"0";"410.1776";"-1.44";"NEUTRAL";"C22H26N4O2S";"Cc1cc(C)c2c(=O)n(CCCC(=O)N3CCN(c4ccccc4)CC3)sc2n1";"BMOLNZNLOFOCHQ-UHFFFAOYSA-N"
"CHEMBL1814710";"";"";"Small molecule";"";"347.18";"4";"4";"3.55";"54.37";"2";"1";"0";"4";"N";"0.92";"3.33";"None";"4.11";"0.69";"1";"MOL";"-1";"19";"3";"1";"0";"324.0361";"0.52";"ACID";"C15H16BrNaO3";"CC(C(=O)[O-])c1ccc(CC2CCCC2=O)c(Br)c1.[Na+]";"UVMLQBCGOWFVRL-UHFFFAOYSA-M"
"CHEMBL3113240";"";"";"Small molecule";"";"335.28";"3";"3";"3.23";"71.09";"4";"2";"0";"4";"N";"0.84";"6.66";"6.40";"2.22";"2.08";"2";"MOL";"-1";"22";"5";"2";"0";"335.0352";"-1.39";"NEUTRAL";"C12H9F4N3O2S";"O=S(=O)(Nc1ccncc1Nc1ccc(F)cc1)C(F)(F)F";"IJPRCYUBHPNMEA-UHFFFAOYSA-N"
"CHEMBL4173526";"";"";"Small molecule";"";"373.91";"7";"10";"4.63";"39.07";"3";"0";"0";"3";"N";"0.67";"None";"None";"4.68";"4.68";"3";"MOL";"-1";"25";"3";"0";"0";"373.0903";"-1.48";"NEUTRAL";"C20H20ClNO2S";"CS(=O)(=O)c1ccc2c(c1)c1c(n2Cc2ccc(Cl)cc2)CCCC1";"KWEQQTKSVSFAKU-UHFFFAOYSA-N"
"CHEMBL3113242";"";"";"Small molecule";"";"281.31";"3";"3";"2.34";"71.09";"4";"2";"0";"4";"N";"0.90";"9.70";"6.95";"0.71";"0.58";"2";"MOL";"-1";"19";"5";"2";"0";"281.0634";"-1.81";"NEUTRAL";"C12H12FN3O2S";"CS(=O)(=O)Nc1ccncc1Nc1ccc(F)cc1";"HJYGGOKJDNHJDO-UHFFFAOYSA-N"
"CHEMBL268501";"PROQUAZONE";"43-715|Arthrex|PROQUAZONE";"Small molecule";"-1.0";"278.36";"10";"42";"3.95";"34.89";"3";"0";"0";"2";"N";"0.71";"None";"None";"4.07";"4.07";"3";"MOL";"0";"21";"3";"0";"0";"278.1419";"-1.12";"NEUTRAL";"C18H18N2O";"Cc1ccc2c(-c3ccccc3)nc(=O)n(C(C)C)c2c1";"JTIGKVIOEQASGT-UHFFFAOYSA-N"
"CHEMBL3264694";"";"";"Small molecule";"";"342.81";"4";"5";"4.35";"56.74";"6";"0";"0";"4";"N";"0.52";"None";"None";"4.44";"4.44";"4";"MOL";"-1";"23";"5";"0";"0";"342.0342";"-2.36";"NEUTRAL";"C16H11ClN4OS";"Clc1ccccc1-n1cc(CSc2nc3ccccc3o2)nn1";"QPSHXEURPXZWCM-UHFFFAOYSA-N"
"CHEMBL3903347";"";"";"Small molecule";"";"396.52";"3";"7";"2.81";"58.44";"6";"0";"0";"4";"N";"0.68";"None";"3.65";"2.70";"2.70";"3";"MOL";"-1";"28";"6";"0";"0";"396.1620";"-1.49";"NEUTRAL";"C21H24N4O2S";"Cc1cc(C)c2c(=O)n(CCC(=O)N3CCN(c4ccccc4)CC3)sc2n1";"OESOLZUEADXPII-UHFFFAOYSA-N"
"CHEMBL3905241";"";"";"Small molecule";"";"266.32";"3";"8";"1.94";"72.19";"5";"1";"0";"4";"N";"0.92";"3.73";"3.08";"0.71";"-1.75";"2";"MOL";"-1";"18";"5";"1";"0";"266.0725";"-0.79";"ACID";"C12H14N2O3S";"Cc1cc(C)c2c(=O)n(CCCC(=O)O)sc2n1";"UGWVBPBRSIYOSY-UHFFFAOYSA-N"
"CHEMBL56367";"NIMESULIDE";"AULIN|NIMESULIDE|NSC-758412|R 805|R-805";"Small molecule";"4.0";"308.31";"187";"2569";"2.76";"98.54";"5";"1";"0";"5";"N";"0.68";"6.70";"None";"1.79";"1.20";"2";"MOL";"0";"21";"7";"1";"0";"308.0467";"-1.54";"NEUTRAL";"C13H12N2O5S";"CS(=O)(=O)Nc1ccc([N+](=O)[O-])cc1Oc1ccccc1";"HYWYRSMBCFDLJT-UHFFFAOYSA-N"
"CHEMBL3965233";"";"";"Small molecule";"";"360.53";"4";"8";"2.98";"41.37";"6";"0";"0";"3";"N";"0.84";"None";"8.38";"3.38";"2.35";"2";"MOL";"-1";"25";"5";"0";"0";"360.1984";"-1.20";"NEUTRAL";"C19H28N4OS";"Cc1cc(C)c2c(=O)n(CN3CCN(C4CCCCC4)CC3)sc2n1";"SLWAJFQOOHDLMT-UHFFFAOYSA-N"
"CHEMBL865";"VALDECOXIB";"Bextra|NSC-759846|SC-65872|VALDECOXIB|VALDYN";"Small molecule";"4.0";"314.37";"175";"849";"2.96";"86.19";"4";"1";"0";"3";"N";"0.80";"10.06";"0.42";"2.82";"2.82";"3";"MOL";"0";"22";"5";"2";"0";"314.0725";"-1.33";"NEUTRAL";"C16H14N2O3S";"Cc1onc(-c2ccccc2)c1-c1ccc(S(N)(=O)=O)cc1";"LNPDTQAFDNKSHK-UHFFFAOYSA-N"
"CHEMBL4165597";"";"";"Small molecule";"";"387.89";"7";"10";"4.27";"56.14";"4";"0";"0";"2";"N";"0.66";"None";"None";"3.91";"3.91";"3";"MOL";"-1";"26";"4";"0";"0";"387.0696";"-1.34";"NEUTRAL";"C20H18ClNO3S";"CS(=O)(=O)c1ccc2c(c1)c1c(n2C(=O)c2ccc(Cl)cc2)CCCC1";"BLHFRERRAVRFPX-UHFFFAOYSA-N"
"CHEMBL1814724";"";"";"Small molecule";"";"362.38";"4";"4";"4.59";"54.37";"2";"1";"0";"5";"N";"0.87";"4.31";"None";"5.14";"2.18";"2";"MOL";"-1";"25";"3";"1";"0";"340.1475";"0.21";"ACID";"C21H20FNaO3";"CC(C(=O)[O-])c1ccc(CC2CCCC2=O)cc1-c1ccc(F)cc1.[Na+]";"MLCFBCIZCFRFEX-UHFFFAOYSA-M"
"CHEMBL4176892";"";"";"Small molecule";"";"417.91";"7";"11";"4.70";"65.37";"5";"0";"0";"3";"N";"0.62";"None";"None";"4.11";"4.11";"3";"MOL";"-1";"28";"5";"0";"0";"417.0802";"-0.84";"NEUTRAL";"C21H20ClNO4S";"COc1ccc2c(c1)c1c(n2S(=O)(=O)c2ccc(Cl)cc2)CC(C)(C)CC1=O";"CEOWGNHGKRXAKI-UHFFFAOYSA-N"
"CHEMBL3325729";"";"";"Small molecule";"";"442.53";"8";"13";"3.03";"94.70";"9";"2";"0";"5";"N";"0.36";"11.24";"7.36";"4.27";"3.99";"4";"MOL";"-1";"33";"9";"2";"0";"442.2230";"-1.57";"NEUTRAL";"C24H26N8O";"Cc1nn(-c2ccccc2)c(N2CCN(C)CC2)c1/C=N/Nc1nc2ccccc2nc1O";"UEVINHQDOKZMCM-PCLIKHOPSA-N"
"CHEMBL3930586";"";"";"Small molecule";"";"444.99";"3";"6";"3.86";"58.44";"6";"0";"0";"5";"N";"0.60";"None";"3.27";"3.59";"3.59";"3";"MOL";"-1";"30";"6";"0";"0";"444.1387";"-1.64";"NEUTRAL";"C22H25ClN4O2S";"Cc1cc(C)c2c(=O)n(CCCC(=O)N3CCN(c4cccc(Cl)c4)CC3)sc2n1";"VVFTWAJNRLUNEL-UHFFFAOYSA-N"
"CHEMBL3264698";"";"";"Small molecule";"";"387.26";"4";"5";"4.46";"56.74";"6";"0";"0";"4";"N";"0.48";"None";"None";"4.60";"4.60";"4";"MOL";"-1";"23";"5";"0";"0";"385.9837";"-2.11";"NEUTRAL";"C16H11BrN4OS";"Brc1ccccc1-n1cc(CSc2nc3ccccc3o2)nn1";"WVTUWXNHDHSOOZ-UHFFFAOYSA-N"
"CHEMBL122";"ROFECOXIB";"M01AH02|MK-0966|MK-966|MK0966|NSC-720256|NSC-758705|ROFECOXIB|TRM-201|TRM201|Vioxx";"Small molecule";"4.0";"314.36";"213";"1529";"2.56";"60.44";"4";"0";"0";"3";"N";"0.82";"13.12";"None";"2.56";"2.56";"2";"MOL";"0";"22";"4";"0";"0";"314.0613";"-0.07";"NEUTRAL";"C17H14O4S";"CS(=O)(=O)c1ccc(C2=C(c3ccccc3)C(=O)OC2)cc1";"RZJQGNCSTQAWON-UHFFFAOYSA-N"
"CHEMBL3264687";"";"";"Small molecule";"";"353.36";"4";"5";"3.61";"99.88";"8";"0";"0";"5";"N";"0.31";"None";"None";"3.77";"3.77";"4";"MOL";"-1";"25";"8";"0";"0";"353.0583";"-2.60";"NEUTRAL";"C16H11N5O3S";"O=[N+]([O-])c1cccc(-n2cc(CSc3nc4ccccc4o3)nn2)c1";"XHFRMLCXIVEDKR-UHFFFAOYSA-N"
"CHEMBL4177185";"";"";"Small molecule";"";"423.94";"7";"10";"3.81";"73.21";"5";"0";"0";"3";"N";"0.64";"None";"None";"3.66";"3.66";"3";"MOL";"-1";"27";"5";"0";"0";"423.0366";"-1.30";"NEUTRAL";"C19H18ClNO4S2";"CS(=O)(=O)c1ccc2c(c1)c1c(n2S(=O)(=O)c2ccc(Cl)cc2)CCCC1";"GDYDRQVQNPLRSD-UHFFFAOYSA-N"
"CHEMBL3264689";"";"";"Small molecule";"";"308.37";"4";"5";"3.70";"56.74";"6";"0";"0";"4";"N";"0.54";"None";"None";"3.83";"3.83";"4";"MOL";"-1";"22";"5";"0";"0";"308.0732";"-2.32";"NEUTRAL";"C16H12N4OS";"c1ccc(-n2cc(CSc3nc4ccccc4o3)nn2)cc1";"HXHAORASBJPZEG-UHFFFAOYSA-N"
"CHEMBL94494";"";"";"Small molecule";"";"443.45";"4";"8";"4.26";"77.98";"5";"1";"0";"2";"N";"0.60";"10.60";"None";"4.43";"4.43";"3";"MOL";"-1";"29";"5";"2";"0";"443.0385";"-1.59";"NEUTRAL";"C18H13F4N3O2S2";"Cc1cc2c(cc1F)-c1c(c(C(F)(F)F)nn1-c1ccc(S(N)(=O)=O)cc1)SC2";"DADHJCHABCTJSK-UHFFFAOYSA-N"
"CHEMBL118";"CELECOXIB";"CELECOXIB|Celebra|Celebrex|DFN-15|DFN15|ELYXYB|NSC-719627|NSC-758624|ONSENAL|SC-58635";"Small molecule";"4.0";"381.38";"310";"3247";"3.51";"77.98";"4";"1";"0";"3";"N";"0.75";"10.60";"None";"4.01";"4.01";"3";"MOL";"0";"26";"5";"2";"0";"381.0759";"-1.57";"NEUTRAL";"C17H14F3N3O2S";"Cc1ccc(-c2cc(C(F)(F)F)nn2-c2ccc(S(N)(=O)=O)cc2)cc1";"RZEKVGVHFLEQIL-UHFFFAOYSA-N"
"CHEMBL527";"PIROXICAM";"BREXIDOL|CP-16,171|CP-16171|FELDENE 20|FELDENE P|FLAMATROL|Feldene|KENTENE|LARAPAM|NSC-666076|PIROFLAM 10|PIROFLAM 20|PIROXICAM|PIROZIP 10|PIROZIP 20";"Small molecule";"4.0";"331.35";"231";"1107";"1.58";"99.60";"5";"2";"0";"2";"N";"0.87";"4.76";"3.79";"0.60";"-1.52";"2";"MOL";"0";"23";"7";"2";"0";"331.0627";"-1.18";"ACID";"C15H13N3O4S";"CN1C(C(=O)Nc2ccccn2)=C(O)c2ccccc2S1(=O)=O";"QYSPLQLAKJAUJT-UHFFFAOYSA-N"
"CHEMBL6";"INDOMETHACIN";"ACONIP|ARTRACIN|ARTRACIN SR|BERLIND 75 RET|DURAMETACIN|FLEXIN-25 CONTINUS|FLEXIN-50 CONTINUS|FLEXIN-75 CONTINUS|IMBRILON|INDO-LEMMON|INDO-PAED|INDOCID RET|INDOCID-R|INDOCIN SR|INDODERM|INDOFLEX|INDOLAR|INDOLAR SR|INDOMAX-25|INDOMAX-75 SR|INDOMETACIN|INDOMETACIN FARNESIL|INDOMETACINUM|INDOMETHACIN|INDOMOD|INDOPTOL|INDOTARD MR 75|Indocin|LEDMECIN|MAXIMET SR|MOBILAN|NSC-757061|NSC-77541|PARDELPRIN MR|REUMACIDE|RHEUMACIN LA|RIMACID|SLO-INDO|TIVORBEX";"Small molecule";"4.0";"357.79";"333";"7267";"3.93";"68.53";"4";"1";"0";"4";"N";"0.77";"3.79";"None";"3.53";"0.26";"3";"MOL";"0";"25";"5";"1";"0";"357.0768";"-0.72";"ACID";"C19H16ClNO4";"COc1ccc2c(c1)c(CC(=O)O)c(C)n2C(=O)c1ccc(Cl)cc1";"CGIGDMFJXJATDK-UHFFFAOYSA-N"
"CHEMBL599";"MELOXICAM";"ACTICAM|ANJESO|CONTACERA|COXICAM|EMDOCAM|FLEXICAM|INFLACAM|LOXICOM|MELFAX|MELOSUS|MELOVEM|MELOXICAM|MELOXIDOLOR|MELOXIDYL|MELOXIVET|MELOXORAL|METACAM|MOVATEC|Mobic|N-1539|N1539|QMIIZ ODT|RECOCAM|REVITACAM|RHEUMOCAM|UH-AC 62XX|UH-AC-62 XX|UHAC-62XX|VIVLODEX";"Small molecule";"4.0";"351.41";"143";"2415";"1.95";"99.60";"6";"2";"0";"2";"N";"0.86";"4.47";"0.47";"1.60";"-1.10";"2";"MOL";"0";"23";"7";"2";"0";"351.0347";"-1.58";"ACID";"C14H13N3O4S2";"Cc1cnc(NC(=O)C2=C(O)c3ccccc3S(=O)(=O)N2C)s1";"ZRVUJXDFFKFLMG-UHFFFAOYSA-N"
